title,views,when,words
Turley calls out Chuck Schumer: A 'breathtaking' statement,5900,15,"['turley', 'calls', 'out', 'chuck', 'schumer', 'a', 'breathtaking', 'statement']"
Turley calls out Chuck Schumer: A 'breathtaking' statement,5900,15,"['turley', 'calls', 'out', 'chuck', 'schumer', 'a', 'breathtaking', 'statement']"
Supreme Court blocks Biden's student loan forgiveness plan,117000,180,"['supreme', 'court', 'blocks', 'bidens', 'student', 'loan', 'forgiveness', 'plan']"
Biden bizarrely wanders off MSNBC set after live interview,45000,360,"['biden', 'bizarrely', 'wanders', 'off', 'msnbc', 'set', 'after', 'live', 'interview']"
Jimmy Failla: Democrats claim equality is 'racist' | Fox Across America,23000,600,"['jimmy', 'failla', 'democrats', 'claim', 'equality', 'is', 'racist', 'fox', 'across', 'america']"
DeSantis slings pies at NYC pizzeria with Watters,119000,1020,"['desantis', 'slings', 'pies', 'at', 'nyc', 'pizzeria', 'with', 'watters']"
Parkland shooting deputy not guilty on all accounts,28000,1320,"['parkland', 'shooting', 'deputy', 'not', 'guilty', 'on', 'all', 'accounts']"
Americans are tired of this act: Chris Christie,31000,1440,"['americans', 'are', 'tired', 'of', 'this', 'act', 'chris', 'christie']"
Joe Biden REALLY didn't like this question: Doocy,514000,1440,"['joe', 'biden', 'really', 'didnt', 'like', 'this', 'question', 'doocy']"
Gutfeld: Eric Adams wants you to forget about the drugs and violence,88000,1440,"['gutfeld', 'eric', 'adams', 'wants', 'you', 'to', 'forget', 'about', 'the', 'drugs', 'and', 'violence']"
Christie: 'Someone's lying' in Hunter Biden probe,50000,1440,"['christie', 'someones', 'lying', 'in', 'hunter', 'biden', 'probe']"
Ron DeSantis: All options are on the table to defend Americans,63000,1440,"['ron', 'desantis', 'all', 'options', 'are', 'on', 'the', 'table', 'to', 'defend', 'americans']"
Attorney for Hunter Biden IRS whistleblower speaks out on prosecution's behavior,132000,1440,"['attorney', 'for', 'hunter', 'biden', 'irs', 'whistleblower', 'speaks', 'out', 'on', 'prosecutions', 'behavior']"
This is an inferno and an obvious cover-up: Rantz,108000,2880,"['this', 'is', 'an', 'inferno', 'and', 'an', 'obvious', 'coverup', 'rantz']"
Daniel Penny enters not guilty plea during second arraignment,16000,2880,"['daniel', 'penny', 'enters', 'not', 'guilty', 'plea', 'during', 'second', 'arraignment']"
Ingraham: What record can the new Democrat 'stars' point to?,87000,2880,"['ingraham', 'what', 'record', 'can', 'the', 'new', 'democrat', 'stars', 'point', 'to']"
Hannity: The walls are closing in on top Biden family syndicate protector,617000,2880,"['hannity', 'the', 'walls', 'are', 'closing', 'in', 'on', 'top', 'biden', 'family', 'syndicate', 'protector']"
'The Five': Kamala Harris is breaking new barriers as VP,232000,2880,"['the', 'five', 'kamala', 'harris', 'is', 'breaking', 'new', 'barriers', 'as', 'vp']"
Legacy media finally stopped ignoring this: Compagno,264000,4320,"['legacy', 'media', 'finally', 'stopped', 'ignoring', 'this', 'compagno']"
This shows how much the pandemic broke society: Failla,27000,4320,"['this', 'shows', 'how', 'much', 'the', 'pandemic', 'broke', 'society', 'failla']"
Trump allegedly discusses classified docs in leaked recording,75000,4320,"['trump', 'allegedly', 'discusses', 'classified', 'docs', 'in', 'leaked', 'recording']"
Seen & Unseen: Snoop Dogg launches ‘Sleepy Joe’ cannabis brand,61000,4320,"['seen', 'unseen', 'snoop', 'dogg', 'launches', 'sleepy', 'joe', 'cannabis', 'brand']"
Putin is playing both sides: Rep. Mike Waltz,13000,4320,"['putin', 'is', 'playing', 'both', 'sides', 'rep', 'mike', 'waltz']"
'The Five' responds to Obama's media woes,197000,4320,"['the', 'five', 'responds', 'to', 'obamas', 'media', 'woes']"
NYC’s coal-fired pizzerias could get ‘crushed’ over green regs: pizzeria owner,22000,4320,"['nycs', 'coalfired', 'pizzerias', 'could', 'get', 'crushed', 'over', 'green', 'regs', 'pizzeria', 'owner']"
Kayleigh McEnany: I cannot believe this is happening,229000,4320,"['kayleigh', 'mcenany', 'i', 'cannot', 'believe', 'this', 'is', 'happening']"
Biden dodges questions on Hunter post-plea deal: 'Very proud of my son',36000,5760,"['biden', 'dodges', 'questions', 'on', 'hunter', 'postplea', 'deal', 'very', 'proud', 'of', 'my', 'son']"
RFK Jr. takes jab at Biden's 'fitness' in shirtless video,233000,5760,"['rfk', 'jr', 'takes', 'jab', 'at', 'bidens', 'fitness', 'in', 'shirtless', 'video']"
Media focused on Russia rebellion as Biden bombshell goes ignored,108000,5760,"['media', 'focused', 'on', 'russia', 'rebellion', 'as', 'biden', 'bombshell', 'goes', 'ignored']"
UNBELIEVABLE: Phone records could show extent of Biden's talks with foreign execs,438000,5760,"['unbelievable', 'phone', 'records', 'could', 'show', 'extent', 'of', 'bidens', 'talks', 'with', 'foreign', 'execs']"
Larry Elder: Biden's Afghanistan botched withdrawal 'unleashed the hounds',46000,7200,"['larry', 'elder', 'bidens', 'afghanistan', 'botched', 'withdrawal', 'unleashed', 'the', 'hounds']"
Wagner Group chief exiled to Belarus after Russia-targeted uprising,73000,7200,"['wagner', 'group', 'chief', 'exiled', 'to', 'belarus', 'after', 'russiatargeted', 'uprising']"
Brian Kilmeade gives the latest on the situation in Russia,97000,7200,"['brian', 'kilmeade', 'gives', 'the', 'latest', 'on', 'the', 'situation', 'in', 'russia']"
Kayleigh McEnany: These text messages are 'damning' for Biden,201000,7200,"['kayleigh', 'mcenany', 'these', 'text', 'messages', 'are', 'damning', 'for', 'biden']"
Kellyanne Conway: Chris Christie needs to ‘read the room’,52000,8640,"['kellyanne', 'conway', 'chris', 'christie', 'needs', 'to', 'read', 'the', 'room']"
Biden admin releases scathing report on origin of COVID-19,156000,8640,"['biden', 'admin', 'releases', 'scathing', 'report', 'on', 'origin', 'of', 'covid']"
Mike Pence calls on 2024 GOP hopefuls to stand with him on abortion stance,29000,8640,"['mike', 'pence', 'calls', 'on', 'gop', 'hopefuls', 'to', 'stand', 'with', 'him', 'on', 'abortion', 'stance']"
Caitlyn Jenner: Riley Gaines had a 'tremendous' amount of courage,37000,8640,"['caitlyn', 'jenner', 'riley', 'gaines', 'had', 'a', 'tremendous', 'amount', 'of', 'courage']"
Judge Jeanine: We need to lock these thieves up,78000,8640,"['judge', 'jeanine', 'we', 'need', 'to', 'lock', 'these', 'thieves', 'up']"
Ingraham: The Bidens got ‘sleazier’,162000,8640,"['ingraham', 'the', 'bidens', 'got', 'sleazier']"
This is the left's next battleground: Leo Terrell,106000,10080,"['this', 'is', 'the', 'lefts', 'next', 'battleground', 'leo', 'terrell']"
DOJ needs to ‘answer’ for this: IRS whistleblower attorney,62000,10080,"['doj', 'needs', 'to', 'answer', 'for', 'this', 'irs', 'whistleblower', 'attorney']"
Kayleigh McEnany: This is explosive information about Hunter Biden,289000,10080,"['kayleigh', 'mcenany', 'this', 'is', 'explosive', 'information', 'about', 'hunter', 'biden']"
Rep. Jason Smith: Whistleblowers show the government has two-tiered justice system,35000,10080,"['rep', 'jason', 'smith', 'whistleblowers', 'show', 'the', 'government', 'has', 'twotiered', 'justice', 'system']"
Hannity: IRS whistleblowers emerge with explosive allegations about Hunter Biden probe,209000,10080,"['hannity', 'irs', 'whistleblowers', 'emerge', 'with', 'explosive', 'allegations', 'about', 'hunter', 'biden', 'probe']"
Judge Jeanine: Democrats don't want to admit this,211000,10080,"['judge', 'jeanine', 'democrats', 'dont', 'want', 'to', 'admit', 'this']"
"Whether you like Trump or not, he was telling the truth: GOP rep",260000,11520,"['whether', 'you', 'like', 'trump', 'or', 'not', 'he', 'was', 'telling', 'the', 'truth', 'gop', 'rep']"
Former Titan passenger: ‘You accept a lot of risk’,38000,11520,"['former', 'titan', 'passenger', 'you', 'accept', 'a', 'lot', 'of', 'risk']"
Ingraham: America needs to begin decoupling from China,51000,11520,"['ingraham', 'america', 'needs', 'to', 'begin', 'decoupling', 'from', 'china']"
Americans think there is an FBI double standard because there is: Rep. Jim Jordan,65000,11520,"['americans', 'think', 'there', 'is', 'an', 'fbi', 'double', 'standard', 'because', 'there', 'is', 'rep', 'jim', 'jordan']"
Ron DeSantis: This is a hoax,283000,11520,"['ron', 'desantis', 'this', 'is', 'a', 'hoax']"
'The Five': Democrats BLOW UP as Durham testifies before congress,575000,11520,"['the', 'five', 'democrats', 'blow', 'up', 'as', 'durham', 'testifies', 'before', 'congress']"
'SOME EXPLAINING TO DO': White House misses another congressional deadline,85000,12960,"['some', 'explaining', 'to', 'do', 'white', 'house', 'misses', 'another', 'congressional', 'deadline']"
Hunter Biden unlikely to face jail time following 'lenient' plea deal,12000,12960,"['hunter', 'biden', 'unlikely', 'to', 'face', 'jail', 'time', 'following', 'lenient', 'plea', 'deal']"
This is how you prevent World War III: Rep Mike Waltz,25000,12960,"['this', 'is', 'how', 'you', 'prevent', 'world', 'war', 'iii', 'rep', 'mike', 'waltz']"
Biden is willing to be tough on these crimes unless it is his kid: Brett Tolman,35000,12960,"['biden', 'is', 'willing', 'to', 'be', 'tough', 'on', 'these', 'crimes', 'unless', 'it', 'is', 'his', 'kid', 'brett', 'tolman']"
Jesse Watters: Is President Biden still proud of Hunter?,202000,12960,"['jesse', 'watters', 'is', 'president', 'biden', 'still', 'proud', 'of', 'hunter']"
"Leo Terrell on Hunter Biden deal: If you're a Democrat, you get off scot-free",43000,12960,"['leo', 'terrell', 'on', 'hunter', 'biden', 'deal', 'if', 'youre', 'a', 'democrat', 'you', 'get', 'off', 'scotfree']"
America’s adversaries ‘smell weakness’ in the White House: Rep. Waltz,20000,14400,"['americas', 'adversaries', 'smell', 'weakness', 'in', 'the', 'white', 'house', 'rep', 'waltz']"
Joe is bad and Fetterman is worse: Gutfeld,324000,14400,"['joe', 'is', 'bad', 'and', 'fetterman', 'is', 'worse', 'gutfeld']"
Does RFK Jr. have a point? | Will Cain Podcast,48000,14400,"['does', 'rfk', 'jr', 'have', 'a', 'point', 'will', 'cain', 'podcast']"
Somebody should tell Biden it’s 2023: Raymond Arroyo,379000,14400,"['somebody', 'should', 'tell', 'biden', 'its', 'raymond', 'arroyo']"
Jesse Watters: The White House can't protect Biden from this,1200000,14400,"['jesse', 'watters', 'the', 'white', 'house', 'cant', 'protect', 'biden', 'from', 'this']"
Donald Trump speaks out in exclusive upcoming interview,493000,14400,"['donald', 'trump', 'speaks', 'out', 'in', 'exclusive', 'upcoming', 'interview']"
Titanic tourist submersible missing in Atlantic Ocean,85000,15840,"['titanic', 'tourist', 'submersible', 'missing', 'in', 'atlantic', 'ocean']"
NOT GOOD: China expert warns of Beiing's tactic to 'humiliate' US,90000,15840,"['not', 'good', 'china', 'expert', 'warns', 'of', 'beiings', 'tactic', 'to', 'humiliate', 'us']"
"SF mayor claps back at far-left city supervisor, defends drug crackdown",41000,15840,"['sf', 'mayor', 'claps', 'back', 'at', 'farleft', 'city', 'supervisor', 'defends', 'drug', 'crackdown']"
Mark Levin on Trump indictment: 'This is sickening',366000,15840,"['mark', 'levin', 'on', 'trump', 'indictment', 'this', 'is', 'sickening']"
A BIG DEAL: Bombshell report reveals new details on first COVID victims,718000,15840,"['a', 'big', 'deal', 'bombshell', 'report', 'reveals', 'new', 'details', 'on', 'first', 'covid', 'victims']"
Ramaswamy rips 'laughable' allegation behind 2024 run: 'This is a joke',301000,17280,"['ramaswamy', 'rips', 'laughable', 'allegation', 'behind', 'run', 'this', 'is', 'a', 'joke']"
Jimmy Failla: This is crushing California,203000,17280,"['jimmy', 'failla', 'this', 'is', 'crushing', 'california']"
Brian Kilmeade: This is a horror story,116000,17280,"['brian', 'kilmeade', 'this', 'is', 'a', 'horror', 'story']"
China is ‘testing’ the Biden administration: Vivek Ramaswamy,107000,17280,"['china', 'is', 'testing', 'the', 'biden', 'administration', 'vivek', 'ramaswamy']"
"Cyber attackers stealing ‘super private’ information from govt, private companies",27000,18720,"['cyber', 'attackers', 'stealing', 'super', 'private', 'information', 'from', 'govt', 'private', 'companies']"
Putin sends chilling statement to the West,504000,18720,"['putin', 'sends', 'chilling', 'statement', 'to', 'the', 'west']"
'Duck Family Treasure' family scolds Dodgers honoring controversial group,61000,18720,"['duck', 'family', 'treasure', 'family', 'scolds', 'dodgers', 'honoring', 'controversial', 'group']"
Jesse Watters: San Francisco needs an intervention,613000,18720,"['jesse', 'watters', 'san', 'francisco', 'needs', 'an', 'intervention']"
Jesse Watters: This is the deal Biden-Newsom cut,327000,18720,"['jesse', 'watters', 'this', 'is', 'the', 'deal', 'bidennewsom', 'cut']"
McEnany calls out Barack Obama's 'condescension and fear',181000,20160,"['mcenany', 'calls', 'out', 'barack', 'obamas', 'condescension', 'and', 'fear']"
Tim Scott hits back at Barack Obama: The left doesn't like a Black conservative,132000,20160,"['tim', 'scott', 'hits', 'back', 'at', 'barack', 'obama', 'the', 'left', 'doesnt', 'like', 'a', 'black', 'conservative']"
The FBI knew this all along: Rep. James Comer,121000,20160,"['the', 'fbi', 'knew', 'this', 'all', 'along', 'rep', 'james', 'comer']"
Cornel West faces off with Laura Ingraham: 'We actually agree on a lot',167000,20160,"['cornel', 'west', 'faces', 'off', 'with', 'laura', 'ingraham', 'we', 'actually', 'agree', 'on', 'a', 'lot']"
Jesse Watters: Democrats are resorting to the dirty tricks of old,101000,20160,"['jesse', 'watters', 'democrats', 'are', 'resorting', 'to', 'the', 'dirty', 'tricks', 'of', 'old']"
Ingraham: These are serious allegations against President Biden,139000,20160,"['ingraham', 'these', 'are', 'serious', 'allegations', 'against', 'president', 'biden']"
This Biden official admitted his incompetence to the Senate: Rep. Mark Green,48000,20160,"['this', 'biden', 'official', 'admitted', 'his', 'incompetence', 'to', 'the', 'senate', 'rep', 'mark', 'green']"
Trump is a threat to the liberal media agenda: Jason Chaffetz,43000,20160,"['trump', 'is', 'a', 'threat', 'to', 'the', 'liberal', 'media', 'agenda', 'jason', 'chaffetz']"
Brian Kilmeade: This is an unprecedented turn in American history,60000,20160,"['brian', 'kilmeade', 'this', 'is', 'an', 'unprecedented', 'turn', 'in', 'american', 'history']"
Lawrence Jones: This is all about getting rid of cops,21000,20160,"['lawrence', 'jones', 'this', 'is', 'all', 'about', 'getting', 'rid', 'of', 'cops']"
Portland resident sounds off on city’s plans to house homeless community,77000,20160,"['portland', 'resident', 'sounds', 'off', 'on', 'citys', 'plans', 'to', 'house', 'homeless', 'community']"
"Biden, KJP refuse to address $5M bribery allegations",253000,20160,"['biden', 'kjp', 'refuse', 'to', 'address', 'm', 'bribery', 'allegations']"
Trump supporters rally outside court: ‘They’re afraid of him’,134000,20160,"['trump', 'supporters', 'rally', 'outside', 'court', 'theyre', 'afraid', 'of', 'him']"
Gutfeld: This is baffling and bizarre,176000,20160,"['gutfeld', 'this', 'is', 'baffling', 'and', 'bizarre']"
'STONEWALLING': Sen. Cruz accuses FBI of 'covering up' for Bidens,51000,20160,"['stonewalling', 'sen', 'cruz', 'accuses', 'fbi', 'of', 'covering', 'up', 'for', 'bidens']"
Jesse Watters: Biden banned a trans flasher from the White House,804000,20160,"['jesse', 'watters', 'biden', 'banned', 'a', 'trans', 'flasher', 'from', 'the', 'white', 'house']"
Legal panel sounds off on Biden's scandals as Trump appears in court,88000,20160,"['legal', 'panel', 'sounds', 'off', 'on', 'bidens', 'scandals', 'as', 'trump', 'appears', 'in', 'court']"
Sean Hannity: The rule of law doesn't mean much to the Bidens,87000,20160,"['sean', 'hannity', 'the', 'rule', 'of', 'law', 'doesnt', 'mean', 'much', 'to', 'the', 'bidens']"
‘The Five’ reacts to Gavin Newsom’s ‘excuses’ on the state’s homeless crisis,327000,20160,"['the', 'five', 'reacts', 'to', 'gavin', 'newsoms', 'excuses', 'on', 'the', 'states', 'homeless', 'crisis']"
College grad's 'hate-fueled' address sparks fury,257000,20160,"['college', 'grads', 'hatefueled', 'address', 'sparks', 'fury']"
This is a serious problem for Trump: Douglas Murray,104000,20160,"['this', 'is', 'a', 'serious', 'problem', 'for', 'trump', 'douglas', 'murray']"
Trump responds to federal charges: 'No criminality here',57000,20160,"['trump', 'responds', 'to', 'federal', 'charges', 'no', 'criminality', 'here']"
Trump scoffs at indictment: This is 'election interference',42000,20160,"['trump', 'scoffs', 'at', 'indictment', 'this', 'is', 'election', 'interference']"
What stories are the media failing to cover?,59000,20160,"['what', 'stories', 'are', 'the', 'media', 'failing', 'to', 'cover']"
"Gavin Newsom: This was an 'embarrassing, pathetic stunt' by DeSantis",379000,20160,"['gavin', 'newsom', 'this', 'was', 'an', 'embarrassing', 'pathetic', 'stunt', 'by', 'desantis']"
A Trump conviction would prove he was 'reckless with national security': Haley,46000,20160,"['a', 'trump', 'conviction', 'would', 'prove', 'he', 'was', 'reckless', 'with', 'national', 'security', 'haley']"
Kayleigh McEnany: This is backfiring massively on the left,824000,20160,"['kayleigh', 'mcenany', 'this', 'is', 'backfiring', 'massively', 'on', 'the', 'left']"
This was a 'total setup' from liberal reporter to Biden: Marco Rubio,151000,20160,"['this', 'was', 'a', 'total', 'setup', 'from', 'liberal', 'reporter', 'to', 'biden', 'marco', 'rubio']"
'I had to act': Marine vet charged in NYC chokehold death speaks out,68000,20160,"['i', 'had', 'to', 'act', 'marine', 'vet', 'charged', 'in', 'nyc', 'chokehold', 'death', 'speaks', 'out']"
White House accused of violating flag code with Pride display,225000,20160,"['white', 'house', 'accused', 'of', 'violating', 'flag', 'code', 'with', 'pride', 'display']"
James Comer: The Biden family had 20 shell companies,360000,20160,"['james', 'comer', 'the', 'biden', 'family', 'had', 'shell', 'companies']"
Gutfeld: Newsom should stick to destroying California,340000,20160,"['gutfeld', 'newsom', 'should', 'stick', 'to', 'destroying', 'california']"
Trump indictment proves DC is a 'cesspool of dishonesty': Charlie Hurt,68000,20160,"['trump', 'indictment', 'proves', 'dc', 'is', 'a', 'cesspool', 'of', 'dishonesty', 'charlie', 'hurt']"
Kat Timpf: This is killing comedy,65000,20160,"['kat', 'timpf', 'this', 'is', 'killing', 'comedy']"
Lawrence Jones: These parents are terrified,107000,20160,"['lawrence', 'jones', 'these', 'parents', 'are', 'terrified']"
Judge Jeanine on Trump indictment: 'This is crazy',163000,20160,"['judge', 'jeanine', 'on', 'trump', 'indictment', 'this', 'is', 'crazy']"
Tulsi Gabbard: Biden deserves to be impeached if this is true,227000,20160,"['tulsi', 'gabbard', 'biden', 'deserves', 'to', 'be', 'impeached', 'if', 'this', 'is', 'true']"
Texas deploys new strategy to handle migrant influx,713000,20160,"['texas', 'deploys', 'new', 'strategy', 'to', 'handle', 'migrant', 'influx']"
Trump attorney: I’ve never seen such selective prosecution in my life,152000,20160,"['trump', 'attorney', 'ive', 'never', 'seen', 'such', 'selective', 'prosecution', 'in', 'my', 'life']"
All of America should see this document: Rep. Marjorie Taylor Greene,481000,20160,"['all', 'of', 'america', 'should', 'see', 'this', 'document', 'rep', 'marjorie', 'taylor', 'greene']"
Maybe AOC will jump into the primary: Mark Penn,36000,20160,"['maybe', 'aoc', 'will', 'jump', 'into', 'the', 'primary', 'mark', 'penn']"
Jesse Watters: The Biden admin wants Trump to die in prison,291000,20160,"['jesse', 'watters', 'the', 'biden', 'admin', 'wants', 'trump', 'to', 'die', 'in', 'prison']"
Bill Barr hits back at top Democrat over Biden probe: 'He's confused',181000,20160,"['bill', 'barr', 'hits', 'back', 'at', 'top', 'democrat', 'over', 'biden', 'probe', 'hes', 'confused']"
Kayleigh McEnany: We’re now in uncharted territory,189000,30240,"['kayleigh', 'mcenany', 'were', 'now', 'in', 'uncharted', 'territory']"
'RIDICULOUS': Moms group listed on extremist 'hate map',25000,30240,"['ridiculous', 'moms', 'group', 'listed', 'on', 'extremist', 'hate', 'map']"
Michael Shellenberger: This sounds absolutely crazy,606000,30240,"['michael', 'shellenberger', 'this', 'sounds', 'absolutely', 'crazy']"
Real ‘criminal acts’ are being ignored: Charlie Hurt,27000,30240,"['real', 'criminal', 'acts', 'are', 'being', 'ignored', 'charlie', 'hurt']"
James Comer: There are more Biden documents,483000,30240,"['james', 'comer', 'there', 'are', 'more', 'biden', 'documents']"
‘The Five’: A ‘Squad’ member went off about being ‘anti-woke’,307000,30240,"['the', 'five', 'a', 'squad', 'member', 'went', 'off', 'about', 'being', 'antiwoke']"
Martha Stewart warns America could 'go down the drain',81000,30240,"['martha', 'stewart', 'warns', 'america', 'could', 'go', 'down', 'the', 'drain']"
"‘VIRTUAL CERTAINTY’: Trump will be charged for classified docs, Andy McCarthy says",80000,30240,"['virtual', 'certainty', 'trump', 'will', 'be', 'charged', 'for', 'classified', 'docs', 'andy', 'mccarthy', 'says']"
Gutfeld: CNN showed its boss the door,182000,30240,"['gutfeld', 'cnn', 'showed', 'its', 'boss', 'the', 'door']"
Biden admin has a 'fatal attraction to nutty ideas': Sen. Kennedy,105000,30240,"['biden', 'admin', 'has', 'a', 'fatal', 'attraction', 'to', 'nutty', 'ideas', 'sen', 'kennedy']"
Is Prince Harry really concerned about public exposure?,21000,30240,"['is', 'prince', 'harry', 'really', 'concerned', 'about', 'public', 'exposure']"
Jesse Watters: Trudeau hasn’t apologized,225000,30240,"['jesse', 'watters', 'trudeau', 'hasnt', 'apologized']"
Mike Pence: I will stand on a strong conservative agenda,17000,30240,"['mike', 'pence', 'i', 'will', 'stand', 'on', 'a', 'strong', 'conservative', 'agenda']"
AOC ripped for ‘incredibly dishonest’ tweet about smoke over NYC,365000,30240,"['aoc', 'ripped', 'for', 'incredibly', 'dishonest', 'tweet', 'about', 'smoke', 'over', 'nyc']"
EXODUS: Actor follows Mark Wahlberg's move out of Hollywood,312000,30240,"['exodus', 'actor', 'follows', 'mark', 'wahlbergs', 'move', 'out', 'of', 'hollywood']"
There is no reason for the FBI to not hand over this document: Rep. James Comer,118000,30240,"['there', 'is', 'no', 'reason', 'for', 'the', 'fbi', 'to', 'not', 'hand', 'over', 'this', 'document', 'rep', 'james', 'comer']"
White House finally addresses Biden's commencement fall: 'Things happen',59000,30240,"['white', 'house', 'finally', 'addresses', 'bidens', 'commencement', 'fall', 'things', 'happen']"
Ted Cruz: The mayor of New York decided his ideal resident is Hunter Biden,116000,30240,"['ted', 'cruz', 'the', 'mayor', 'of', 'new', 'york', 'decided', 'his', 'ideal', 'resident', 'is', 'hunter', 'biden']"
How can Americans win the culture war?,16000,30240,"['how', 'can', 'americans', 'win', 'the', 'culture', 'war']"
Top Republican claims FBI 'running cover' for Biden in Hunter probe,168000,30240,"['top', 'republican', 'claims', 'fbi', 'running', 'cover', 'for', 'biden', 'in', 'hunter', 'probe']"
‘The Five’: Kamala Harris is undergoing another image reboot,382000,30240,"['the', 'five', 'kamala', 'harris', 'is', 'undergoing', 'another', 'image', 'reboot']"
Whistleblower alleges US military is hiding UFO retrieval program,132000,30240,"['whistleblower', 'alleges', 'us', 'military', 'is', 'hiding', 'ufo', 'retrieval', 'program']"
"PGA, European golf tours merge with LIV",10000,30240,"['pga', 'european', 'golf', 'tours', 'merge', 'with', 'liv']"
DeSantis' campaign hasn't 'caught fire' and this is how we know: Gingrich,31000,30240,"['desantis', 'campaign', 'hasnt', 'caught', 'fire', 'and', 'this', 'is', 'how', 'we', 'know', 'gingrich']"
Jesse Watters: College professor fails student for writing 'biological women',283000,30240,"['jesse', 'watters', 'college', 'professor', 'fails', 'student', 'for', 'writing', 'biological', 'women']"
China knows ‘no bounds’: Top Republican,13000,30240,"['china', 'knows', 'no', 'bounds', 'top', 'republican']"
Biden used ‘bribe bait’: James Comer,407000,30240,"['biden', 'used', 'bribe', 'bait', 'james', 'comer']"
Gutfeld: This is cruel,150000,30240,"['gutfeld', 'this', 'is', 'cruel']"
'Outnumbered' defends Casey DeSantis after 'disgusting' attack by media,296000,30240,"['outnumbered', 'defends', 'casey', 'desantis', 'after', 'disgusting', 'attack', 'by', 'media']"
"We're not really running against Joe Biden, GOP candidate warns",47000,30240,"['were', 'not', 'really', 'running', 'against', 'joe', 'biden', 'gop', 'candidate', 'warns']"
INTO THE LION'S DEN: Tim Scott to respond to 'The View's' race claims,49000,30240,"['into', 'the', 'lions', 'den', 'tim', 'scott', 'to', 'respond', 'to', 'the', 'views', 'race', 'claims']"
Warning about Kamala Harris' chances of becoming president,359000,30240,"['warning', 'about', 'kamala', 'harris', 'chances', 'of', 'becoming', 'president']"
San Diego business owner criticizes costly plan to buy hotels to house homeless,29000,30240,"['san', 'diego', 'business', 'owner', 'criticizes', 'costly', 'plan', 'to', 'buy', 'hotels', 'to', 'house', 'homeless']"
Mark Levin: This is 'frightening',654000,30240,"['mark', 'levin', 'this', 'is', 'frightening']"
Gutfeld: San Fran put out a glitzy propaganda ad,241000,30240,"['gutfeld', 'san', 'fran', 'put', 'out', 'a', 'glitzy', 'propaganda', 'ad']"
California approves ‘shocking’ policy giving weekly checks to migrants: Report,323000,30240,"['california', 'approves', 'shocking', 'policy', 'giving', 'weekly', 'checks', 'to', 'migrants', 'report']"
"Newly-released texts reveal 'chummy' relationship between teachers union, CDC",138000,30240,"['newlyreleased', 'texts', 'reveal', 'chummy', 'relationship', 'between', 'teachers', 'union', 'cdc']"
"Ride-share app uses licensed, armed drivers to protect riders",56000,30240,"['rideshare', 'app', 'uses', 'licensed', 'armed', 'drivers', 'to', 'protect', 'riders']"
Tyrus welcomes you to 'FOX News Saturday Night',95000,30240,"['tyrus', 'welcomes', 'you', 'to', 'fox', 'news', 'saturday', 'night']"
Walgreens locking down its aisles in wake of robberies,240000,30240,"['walgreens', 'locking', 'down', 'its', 'aisles', 'in', 'wake', 'of', 'robberies']"
Joey Jones: Democrats are sitting back and watching the debt ceiling climb,29000,30240,"['joey', 'jones', 'democrats', 'are', 'sitting', 'back', 'and', 'watching', 'the', 'debt', 'ceiling', 'climb']"
East Palestine resident says 'anxiety still very real' four months following derailment,27000,30240,"['east', 'palestine', 'resident', 'says', 'anxiety', 'still', 'very', 'real', 'four', 'months', 'following', 'derailment']"
New CA law could put these goat herders out of a job,131000,30240,"['new', 'ca', 'law', 'could', 'put', 'these', 'goat', 'herders', 'out', 'of', 'a', 'job']"
Murder in the Ivy League: The death of Annie Le | The FOX True Crime Podcast,12000,30240,"['murder', 'in', 'the', 'ivy', 'league', 'the', 'death', 'of', 'annie', 'le', 'the', 'fox', 'true', 'crime', 'podcast']"
Gutfeld: Trump told us not to joke about Biden's mental health,416000,30240,"['gutfeld', 'trump', 'told', 'us', 'not', 'to', 'joke', 'about', 'bidens', 'mental', 'health']"
Trump: My presidency was under siege from day one,79000,30240,"['trump', 'my', 'presidency', 'was', 'under', 'siege', 'from', 'day', 'one']"
Jen Psaki torched for 'BS' claim about Republican voters,103000,30240,"['jen', 'psaki', 'torched', 'for', 'bs', 'claim', 'about', 'republican', 'voters']"
Tyrus tears into Biden admin: 'This is The Wizard of Oz',264000,40320,"['tyrus', 'tears', 'into', 'biden', 'admin', 'this', 'is', 'the', 'wizard', 'of', 'oz']"
Hunter Biden expected to use the Second Amendment as legal defense,119000,40320,"['hunter', 'biden', 'expected', 'to', 'use', 'the', 'second', 'amendment', 'as', 'legal', 'defense']"
Trump touts success of his energy policies: 'We have liquid gold',44000,40320,"['trump', 'touts', 'success', 'of', 'his', 'energy', 'policies', 'we', 'have', 'liquid', 'gold']"
How Equity & Progress Are Killing People,10000,40320,"['how', 'equity', 'progress', 'are', 'killing', 'people']"
Trump reveals actions he'll take in first 6 months as president,360000,40320,"['trump', 'reveals', 'actions', 'hell', 'take', 'in', 'first', 'months', 'as', 'president']"
‘The Five’: Oakland residents have had enough of rampant crime,384000,40320,"['the', 'five', 'oakland', 'residents', 'have', 'had', 'enough', 'of', 'rampant', 'crime']"
Dodgers star stands up against Pride invite to anti-Catholic group,275000,40320,"['dodgers', 'star', 'stands', 'up', 'against', 'pride', 'invite', 'to', 'anticatholic', 'group']"
Tim Scott rips into Biden admin: 'Weaponizing race',36000,40320,"['tim', 'scott', 'rips', 'into', 'biden', 'admin', 'weaponizing', 'race']"
Nancy Mace: This is a 'bad deal' for America,26000,40320,"['nancy', 'mace', 'this', 'is', 'a', 'bad', 'deal', 'for', 'america']"
Gutfeld: This is not OK,146000,40320,"['gutfeld', 'this', 'is', 'not', 'ok']"
Karl Rove: Nobody wants this to happen,25000,40320,"['karl', 'rove', 'nobody', 'wants', 'this', 'to', 'happen']"
Gutfeld: Sunny Hostin is an expert at calling people racist,358000,40320,"['gutfeld', 'sunny', 'hostin', 'is', 'an', 'expert', 'at', 'calling', 'people', 'racist']"
This is Trump's 'secret gift': Charlie Hurt,156000,40320,"['this', 'is', 'trumps', 'secret', 'gift', 'charlie', 'hurt']"
Emily Compagno: The concerns about Biden are becoming very real,160000,40320,"['emily', 'compagno', 'the', 'concerns', 'about', 'biden', 'are', 'becoming', 'very', 'real']"
Kayleigh McEnany: We have lost something here,74000,43200,"['kayleigh', 'mcenany', 'we', 'have', 'lost', 'something', 'here']"
Peter Doocy presses Karine Jean-Pierre on Biden's campaign absence,217000,43200,"['peter', 'doocy', 'presses', 'karine', 'jeanpierre', 'on', 'bidens', 'campaign', 'absence']"
House Freedom Caucus rails debt deal: 'One of the biggest abominations',35000,43200,"['house', 'freedom', 'caucus', 'rails', 'debt', 'deal', 'one', 'of', 'the', 'biggest', 'abominations']"
"DeSantis: If Hunter were a Republican, he would have been in jail years ago",56000,43200,"['desantis', 'if', 'hunter', 'were', 'a', 'republican', 'he', 'would', 'have', 'been', 'in', 'jail', 'years', 'ago']"
This captures the 'horrific' moment Marines endure in alleged teen assault: Sgt. Mike Woodroof,131000,43200,"['this', 'captures', 'the', 'horrific', 'moment', 'marines', 'endure', 'in', 'alleged', 'teen', 'assault', 'sgt', 'mike', 'woodroof']"
Tulsi Gabbard: Politicians have used veterans as 'cannon fodder',25000,43200,"['tulsi', 'gabbard', 'politicians', 'have', 'used', 'veterans', 'as', 'cannon', 'fodder']"
‘The Five’ reacts to deadly weekend in Chicago: ‘God help us’,401000,43200,"['the', 'five', 'reacts', 'to', 'deadly', 'weekend', 'in', 'chicago', 'god', 'help', 'us']"
Kellyanne Conway: This is a no-show presidency,78000,43200,"['kellyanne', 'conway', 'this', 'is', 'a', 'noshow', 'presidency']"
Judge Jeanine: This started with Obama,247000,43200,"['judge', 'jeanine', 'this', 'started', 'with', 'obama']"
The inside scoop on the debt deal | Ben Domenech Podcast,14000,43200,"['the', 'inside', 'scoop', 'on', 'the', 'debt', 'deal', 'ben', 'domenech', 'podcast']"
This is Washington’s ‘favorite’ kind of corruption: Turley,195000,43200,"['this', 'is', 'washingtons', 'favorite', 'kind', 'of', 'corruption', 'turley']"
Peter Doocy warns of possible debt default if House fails to pass bill,106000,43200,"['peter', 'doocy', 'warns', 'of', 'possible', 'debt', 'default', 'if', 'house', 'fails', 'to', 'pass', 'bill']"
2024 hopeful rips DNC for 'making it easier' for Biden to win,67000,43200,"['hopeful', 'rips', 'dnc', 'for', 'making', 'it', 'easier', 'for', 'biden', 'to', 'win']"
'I will destroy leftism in America': DeSantis makes confident 2024 prediction,318000,43200,"['i', 'will', 'destroy', 'leftism', 'in', 'america', 'desantis', 'makes', 'confident', 'prediction']"
'The Final Journey' honors World War II veterans,7800,43200,"['the', 'final', 'journey', 'honors', 'world', 'war', 'ii', 'veterans']"
‘Simply ignore it’ says Florida Black business owner on NAACP’s travel advisory,65000,43200,"['simply', 'ignore', 'it', 'says', 'florida', 'black', 'business', 'owner', 'on', 'naacps', 'travel', 'advisory']"
'The Big Sunday Show' salutes American heroes on Memorial Day,17000,43200,"['the', 'big', 'sunday', 'show', 'salutes', 'american', 'heroes', 'on', 'memorial', 'day']"
Trump official warns against China's global influence: 'They're relentless',43000,43200,"['trump', 'official', 'warns', 'against', 'chinas', 'global', 'influence', 'theyre', 'relentless']"
Debt deal would deal major blow to Democrats’ new IRS funding,271000,43200,"['debt', 'deal', 'would', 'deal', 'major', 'blow', 'to', 'democrats', 'new', 'irs', 'funding']"
'NOT AN ERROR': Ramaswamy sounds off on LinkedIn over alleged censorship,40000,43200,"['not', 'an', 'error', 'ramaswamy', 'sounds', 'off', 'on', 'linkedin', 'over', 'alleged', 'censorship']"
West Point should have had 'somebody else' give this speech: Sara Carter,322000,43200,"['west', 'point', 'should', 'have', 'had', 'somebody', 'else', 'give', 'this', 'speech', 'sara', 'carter']"
"Biden, McCarthy reach 'agreement in principle' in debt ceiling talks",172000,43200,"['biden', 'mccarthy', 'reach', 'agreement', 'in', 'principle', 'in', 'debt', 'ceiling', 'talks']"
This Trump mega-donor explains why he now backs DeSantis,185000,43200,"['this', 'trump', 'megadonor', 'explains', 'why', 'he', 'now', 'backs', 'desantis']"
Climate activists cause global mayhem in latest swing of protests,52000,43200,"['climate', 'activists', 'cause', 'global', 'mayhem', 'in', 'latest', 'swing', 'of', 'protests']"
Customers flee woke companies as new Conservative marketplace blossoms,1000000,43200,"['customers', 'flee', 'woke', 'companies', 'as', 'new', 'conservative', 'marketplace', 'blossoms']"
Tulsi Gabbard: The Democratic Party is tearing us apart,116000,43200,"['tulsi', 'gabbard', 'the', 'democratic', 'party', 'is', 'tearing', 'us', 'apart']"
The apology tour is enough: Former Sen. Scott Brown,27000,43200,"['the', 'apology', 'tour', 'is', 'enough', 'former', 'sen', 'scott', 'brown']"
Jesse Watters: This is Biden's weakest political position of his presidency,117000,43200,"['jesse', 'watters', 'this', 'is', 'bidens', 'weakest', 'political', 'position', 'of', 'his', 'presidency']"
Ingraham: Biden's economic world order is falling apart,265000,43200,"['ingraham', 'bidens', 'economic', 'world', 'order', 'is', 'falling', 'apart']"
Steve Forbes' bold prediction: Joe Biden will NOT be the nominee,263000,43200,"['steve', 'forbes', 'bold', 'prediction', 'joe', 'biden', 'will', 'not', 'be', 'the', 'nominee']"
China would attack American homeland 'massively' if war starts: Gen. Keane,841000,43200,"['china', 'would', 'attack', 'american', 'homeland', 'massively', 'if', 'war', 'starts', 'gen', 'keane']"
Tudor Dixon: The Left Is Waging A War On Hot Chicks | Fox Across America,32000,43200,"['tudor', 'dixon', 'the', 'left', 'is', 'waging', 'a', 'war', 'on', 'hot', 'chicks', 'fox', 'across', 'america']"
BLM accused of hiding behind 'woke word salads' as financial freefall looms,145000,43200,"['blm', 'accused', 'of', 'hiding', 'behind', 'woke', 'word', 'salads', 'as', 'financial', 'freefall', 'looms']"
Trey Gowdy: Politics ruins everything it comes in contact with,39000,43200,"['trey', 'gowdy', 'politics', 'ruins', 'everything', 'it', 'comes', 'in', 'contact', 'with']"
'The Five': Hunter Biden IRS whistleblower speaks out for first time,705000,43200,"['the', 'five', 'hunter', 'biden', 'irs', 'whistleblower', 'speaks', 'out', 'for', 'first', 'time']"
ABC should apologize for Joy Behar's remarks: Arroyo,542000,43200,"['abc', 'should', 'apologize', 'for', 'joy', 'behars', 'remarks', 'arroyo']"
"Trump trolls 'Rob DeSanctimonious,' warns him about Marxist 'lunatics'",99000,43200,"['trump', 'trolls', 'rob', 'desanctimonious', 'warns', 'him', 'about', 'marxist', 'lunatics']"
Black Lives Matter heads for bankruptcy: 'As shady as Hunter Biden',383000,43200,"['black', 'lives', 'matter', 'heads', 'for', 'bankruptcy', 'as', 'shady', 'as', 'hunter', 'biden']"
Matt Taibbi: This is ‘very concerning’,431000,43200,"['matt', 'taibbi', 'this', 'is', 'very', 'concerning']"
Ron DeSantis: I'm running to lead a 'Great American Comeback',243000,43200,"['ron', 'desantis', 'im', 'running', 'to', 'lead', 'a', 'great', 'american', 'comeback']"
Ingraham: Trump is the only candidate with ‘credibility’,152000,43200,"['ingraham', 'trump', 'is', 'the', 'only', 'candidate', 'with', 'credibility']"
Drive-by shooting caught on camera during TV interview,66000,43200,"['driveby', 'shooting', 'caught', 'on', 'camera', 'during', 'tv', 'interview']"
Female cyclocross racer loses to trans competitor: 'Power beat skill',361000,43200,"['female', 'cyclocross', 'racer', 'loses', 'to', 'trans', 'competitor', 'power', 'beat', 'skill']"
FBI slammed over alleged 'criminal scheme' doc: 'Team Biden wins again',159000,43200,"['fbi', 'slammed', 'over', 'alleged', 'criminal', 'scheme', 'doc', 'team', 'biden', 'wins', 'again']"
Trey Gowdy: Why is the media berating Tim Scott about this?,29000,43200,"['trey', 'gowdy', 'why', 'is', 'the', 'media', 'berating', 'tim', 'scott', 'about', 'this']"
This ‘shows the double standard’: Rep. Jim Jordan,64000,43200,"['this', 'shows', 'the', 'double', 'standard', 'rep', 'jim', 'jordan']"
Judge Jeanine: This plan to combat shoplifting is nonsense,170000,43200,"['judge', 'jeanine', 'this', 'plan', 'to', 'combat', 'shoplifting', 'is', 'nonsense']"
Tulsi Gabbard: They are ‘deathly afraid’ of Bobby Kennedy,766000,43200,"['tulsi', 'gabbard', 'they', 'are', 'deathly', 'afraid', 'of', 'bobby', 'kennedy']"
Tulsi Gabbard: It's sad the left has to 'manufacture' this crisis,128000,43200,"['tulsi', 'gabbard', 'its', 'sad', 'the', 'left', 'has', 'to', 'manufacture', 'this', 'crisis']"
Marine vet gets explosion of donations to help NYC legal battle,60000,43200,"['marine', 'vet', 'gets', 'explosion', 'of', 'donations', 'to', 'help', 'nyc', 'legal', 'battle']"
Gutfeld: This is one heck of a plan to tackle crime,214000,43200,"['gutfeld', 'this', 'is', 'one', 'heck', 'of', 'a', 'plan', 'to', 'tackle', 'crime']"
How to prevent a shark attack this Memorial Day Weekend: Shark expert,12000,43200,"['how', 'to', 'prevent', 'a', 'shark', 'attack', 'this', 'memorial', 'day', 'weekend', 'shark', 'expert']"
Hannity: The White House has been ‘stonewalling’ McCarthy,87000,43200,"['hannity', 'the', 'white', 'house', 'has', 'been', 'stonewalling', 'mccarthy']"
Judge Jeanine: The View is ‘hateful’,325000,43200,"['judge', 'jeanine', 'the', 'view', 'is', 'hateful']"
NYT torched for 'journalistic malpractice' with border op-ed,57000,43200,"['nyt', 'torched', 'for', 'journalistic', 'malpractice', 'with', 'border', 'oped']"
NAACP slammed for 'stupid' Florida travel warning,104000,43200,"['naacp', 'slammed', 'for', 'stupid', 'florida', 'travel', 'warning']"
Steve Hilton: FBI is operating as an enforcer of the Democratic Party's agenda,43000,43200,"['steve', 'hilton', 'fbi', 'is', 'operating', 'as', 'an', 'enforcer', 'of', 'the', 'democratic', 'partys', 'agenda']"
Daniel Penny breaks silence on subway chokehold death,122000,43200,"['daniel', 'penny', 'breaks', 'silence', 'on', 'subway', 'chokehold', 'death']"
Swimmer Riley Gaines calls out the 'systemic attempt to erase women' over trans athletes,52000,43200,"['swimmer', 'riley', 'gaines', 'calls', 'out', 'the', 'systemic', 'attempt', 'to', 'erase', 'women', 'over', 'trans', 'athletes']"
FBI whistleblowers accuse agency of retaliation: House Judiciary report,48000,43200,"['fbi', 'whistleblowers', 'accuse', 'agency', 'of', 'retaliation', 'house', 'judiciary', 'report']"
FBI torched for refusing to reveal file on alleged Biden 'criminal scheme',335000,43200,"['fbi', 'torched', 'for', 'refusing', 'to', 'reveal', 'file', 'on', 'alleged', 'biden', 'criminal', 'scheme']"
‘NOTHING TO DO WITH RACE’: Marine veteran breaks silence over subway death,131000,43200,"['nothing', 'to', 'do', 'with', 'race', 'marine', 'veteran', 'breaks', 'silence', 'over', 'subway', 'death']"
Judge Jeanine: This should never have happened,79000,43200,"['judge', 'jeanine', 'this', 'should', 'never', 'have', 'happened']"
Will Cain: Driving racial division has become a major feature of the media,65000,43200,"['will', 'cain', 'driving', 'racial', 'division', 'has', 'become', 'a', 'major', 'feature', 'of', 'the', 'media']"
'TOTALLY UNSUSTAINABLE': Former OMB director sounds off on Dems' debt ceiling position,35000,43200,"['totally', 'unsustainable', 'former', 'omb', 'director', 'sounds', 'off', 'on', 'dems', 'debt', 'ceiling', 'position']"
RFK Jr. campaign manager reveals the path to Democrat nomination,98000,43200,"['rfk', 'jr', 'campaign', 'manager', 'reveals', 'the', 'path', 'to', 'democrat', 'nomination']"
Laura: This has got to stop,108000,43200,"['laura', 'this', 'has', 'got', 'to', 'stop']"
Trey Gowdy: Dianne Dianne Feinstein 'not progressive enough' for Democrats,40000,43200,"['trey', 'gowdy', 'dianne', 'dianne', 'feinstein', 'not', 'progressive', 'enough', 'for', 'democrats']"
'The Five': Elon Musk calls remote work 'bullsh*t' and 'morally wrong',93000,43200,"['the', 'five', 'elon', 'musk', 'calls', 'remote', 'work', 'bullsht', 'and', 'morally', 'wrong']"
Ingraham: Alvin Bragg’s top priority is ‘hunting down heroes’,93000,43200,"['ingraham', 'alvin', 'braggs', 'top', 'priority', 'is', 'hunting', 'down', 'heroes']"
Emily Compagno sounds off on criticism of Elon Musk: 'This is the woke mob',72000,43200,"['emily', 'compagno', 'sounds', 'off', 'on', 'criticism', 'of', 'elon', 'musk', 'this', 'is', 'the', 'woke', 'mob']"
Mike Rowe delivers warning: We need to 'tap the brakes',34000,43200,"['mike', 'rowe', 'delivers', 'warning', 'we', 'need', 'to', 'tap', 'the', 'brakes']"
Vivek Ramaswamy on raising the voting age: 'Revival of civic duty' | Will Cain Podcast,29000,43200,"['vivek', 'ramaswamy', 'on', 'raising', 'the', 'voting', 'age', 'revival', 'of', 'civic', 'duty', 'will', 'cain', 'podcast']"
Lawyer for FBI whistleblower shares what’s next after House hearing,134000,43200,"['lawyer', 'for', 'fbi', 'whistleblower', 'shares', 'whats', 'next', 'after', 'house', 'hearing']"
'Sticky' Sam Brinton arrested again: Jesse Watters,718000,43200,"['sticky', 'sam', 'brinton', 'arrested', 'again', 'jesse', 'watters']"
Judge Jeanine: Liberal media is 'desperately searching' for Biden's replacement,265000,43200,"['judge', 'jeanine', 'liberal', 'media', 'is', 'desperately', 'searching', 'for', 'bidens', 'replacement']"
'Gross': Magazine brutally mocked for glowing Pete Buttigieg profile,55000,43200,"['gross', 'magazine', 'brutally', 'mocked', 'for', 'glowing', 'pete', 'buttigieg', 'profile']"
Mike Rowe: This has ‘unleashed a storm’ of ‘unintended consequences’,884000,43200,"['mike', 'rowe', 'this', 'has', 'unleashed', 'a', 'storm', 'of', 'unintended', 'consequences']"
7th-grader's 'Only 2 Genders' shirt triggers free speech battle,1200000,43200,"['thgraders', 'only', 'genders', 'shirt', 'triggers', 'free', 'speech', 'battle']"
Kevin McCarthy pledges debt ceiling will not get raised with no changes,60000,43200,"['kevin', 'mccarthy', 'pledges', 'debt', 'ceiling', 'will', 'not', 'get', 'raised', 'with', 'no', 'changes']"
Sen. Kennedy urges Lopez Obrador to act against cartels for 'poisoning our children',69000,43200,"['sen', 'kennedy', 'urges', 'lopez', 'obrador', 'to', 'act', 'against', 'cartels', 'for', 'poisoning', 'our', 'children']"
Jesse Watters: Soros is behind this,477000,43200,"['jesse', 'watters', 'soros', 'is', 'behind', 'this']"
Kayleigh McEnany: Kamala Harris doesn't have her facts straight,164000,43200,"['kayleigh', 'mcenany', 'kamala', 'harris', 'doesnt', 'have', 'her', 'facts', 'straight']"
Kellyanne Conway breaks down DeSantis' best path to 2024,53000,43200,"['kellyanne', 'conway', 'breaks', 'down', 'desantis', 'best', 'path', 'to']"
Biden strikes key Democrat from 2024 advisory board,243000,43200,"['biden', 'strikes', 'key', 'democrat', 'from', 'advisory', 'board']"
Durham report: Schiff staffer reportedly intimidated researcher over Trump-Russia ties,568000,43200,"['durham', 'report', 'schiff', 'staffer', 'reportedly', 'intimidated', 'researcher', 'over', 'trumprussia', 'ties']"
Miranda Devine: The DOJ is intervening in the Hunter Biden case,101000,43200,"['miranda', 'devine', 'the', 'doj', 'is', 'intervening', 'in', 'the', 'hunter', 'biden', 'case']"
Jesse Watters: Obama is being starved for attention,409000,43200,"['jesse', 'watters', 'obama', 'is', 'being', 'starved', 'for', 'attention']"
Tyrus: San Francisco will be a 'zombie world',765000,43200,"['tyrus', 'san', 'francisco', 'will', 'be', 'a', 'zombie', 'world']"
Miller Lite slammed for 'woke' ad: 'Why are they messing with beer drinkers?',189000,43200,"['miller', 'lite', 'slammed', 'for', 'woke', 'ad', 'why', 'are', 'they', 'messing', 'with', 'beer', 'drinkers']"
This hoax was made to look like a real investigation: Tolman,63000,43200,"['this', 'hoax', 'was', 'made', 'to', 'look', 'like', 'a', 'real', 'investigation', 'tolman']"
'So damning': 'Fox & Friends' reacts to bombshell Durham report,178000,43200,"['so', 'damning', 'fox', 'friends', 'reacts', 'to', 'bombshell', 'durham', 'report']"
'TREASONOUS CHARADE': Trump reacts to release of Durham report,704000,43200,"['treasonous', 'charade', 'trump', 'reacts', 'to', 'release', 'of', 'durham', 'report']"
This is ‘the rot’ of the justice system: Dana Loesch,124000,43200,"['this', 'is', 'the', 'rot', 'of', 'the', 'justice', 'system', 'dana', 'loesch']"
Hannity: The Russia ‘hysteria’ has ended,180000,43200,"['hannity', 'the', 'russia', 'hysteria', 'has', 'ended']"
'The Five': Biden thinks ‘White supremacy’ is greatest threat to US,75000,43200,"['the', 'five', 'biden', 'thinks', 'white', 'supremacy', 'is', 'greatest', 'threat', 'to', 'us']"
Biden faces fierce backlash for ‘White supremacy’ warning,450000,43200,"['biden', 'faces', 'fierce', 'backlash', 'for', 'white', 'supremacy', 'warning']"
DeSantis has delivered a tsunami of conservative reform: Thiessen,59000,43200,"['desantis', 'has', 'delivered', 'a', 'tsunami', 'of', 'conservative', 'reform', 'thiessen']"
Biden admin ripped for what they claim as the 'greatest threat' against US,98000,43200,"['biden', 'admin', 'ripped', 'for', 'what', 'they', 'claim', 'as', 'the', 'greatest', 'threat', 'against', 'us']"
'An F on everything': Americans grade Biden's handling of border crisis,57000,43200,"['an', 'f', 'on', 'everything', 'americans', 'grade', 'bidens', 'handling', 'of', 'border', 'crisis']"
What happened in closed-door House hearing with ex-CIA boss?,783000,43200,"['what', 'happened', 'in', 'closeddoor', 'house', 'hearing', 'with', 'excia', 'boss']"
Rep. Donalds blasts Biden admin for ‘gaslighting’ Americans on border crisis,147000,43200,"['rep', 'donalds', 'blasts', 'biden', 'admin', 'for', 'gaslighting', 'americans', 'on', 'border', 'crisis']"
Judge Jeanine: This is a sad case,152000,43200,"['judge', 'jeanine', 'this', 'is', 'a', 'sad', 'case']"
Marco Rubio: We've never seen this in America before,107000,43200,"['marco', 'rubio', 'weve', 'never', 'seen', 'this', 'in', 'america', 'before']"
Alvin Bragg's charges against Marine veteran are based on race: Lee Zeldin,59000,43200,"['alvin', 'braggs', 'charges', 'against', 'marine', 'veteran', 'are', 'based', 'on', 'race', 'lee', 'zeldin']"
Ted Cruz torches 'AWOL' Biden as border crisis primed to intensify,131000,43200,"['ted', 'cruz', 'torches', 'awol', 'biden', 'as', 'border', 'crisis', 'primed', 'to', 'intensify']"
Kevin McCarthy: We have a severe problem if FBI can do this,507000,43200,"['kevin', 'mccarthy', 'we', 'have', 'a', 'severe', 'problem', 'if', 'fbi', 'can', 'do', 'this']"
Blinken should be impeached for role in Hunter laptop letter: Miranda Devine,264000,43200,"['blinken', 'should', 'be', 'impeached', 'for', 'role', 'in', 'hunter', 'laptop', 'letter', 'miranda', 'devine']"
Escaping a serial killer | The FOX True Crime Podcast,18000,43200,"['escaping', 'a', 'serial', 'killer', 'the', 'fox', 'true', 'crime', 'podcast']"
Nancy Mace: Amount of evidence in Biden probe is 'ridiculous',278000,43200,"['nancy', 'mace', 'amount', 'of', 'evidence', 'in', 'biden', 'probe', 'is', 'ridiculous']"
Kayleigh McEnany: The Biden campaign is in 'total chaos',124000,43200,"['kayleigh', 'mcenany', 'the', 'biden', 'campaign', 'is', 'in', 'total', 'chaos']"
Gutfeld: They're going to bring race into subway choke death case,272000,43200,"['gutfeld', 'theyre', 'going', 'to', 'bring', 'race', 'into', 'subway', 'choke', 'death', 'case']"
Anderson Cooper ripped for 'condescending' message after Trump town hall,148000,43200,"['anderson', 'cooper', 'ripped', 'for', 'condescending', 'message', 'after', 'trump', 'town', 'hall']"
Steve Forbes destroys Biden’s green agenda: ‘This thing doesn’t work’,67000,43200,"['steve', 'forbes', 'destroys', 'bidens', 'green', 'agenda', 'this', 'thing', 'doesnt', 'work']"
CNN's audience cheering for Trump triggers liberal meltdown,1600000,43200,"['cnns', 'audience', 'cheering', 'for', 'trump', 'triggers', 'liberal', 'meltdown']"
Alvin Bragg torched for prosecuting Marine in subway chokehold incident,347000,43200,"['alvin', 'bragg', 'torched', 'for', 'prosecuting', 'marine', 'in', 'subway', 'chokehold', 'incident']"
Byron Donalds: CNN ignored the important issues at Trump town hall,162000,43200,"['byron', 'donalds', 'cnn', 'ignored', 'the', 'important', 'issues', 'at', 'trump', 'town', 'hall']"
Disney CEO calls out DeSantis in ongoing clash,25000,43200,"['disney', 'ceo', 'calls', 'out', 'desantis', 'in', 'ongoing', 'clash']"
James Comer: Biden family members will 'more than likely' be subpoenaed,221000,43200,"['james', 'comer', 'biden', 'family', 'members', 'will', 'more', 'than', 'likely', 'be', 'subpoenaed']"
Gutfeld: This could happen to you,190000,43200,"['gutfeld', 'this', 'could', 'happen', 'to', 'you']"
'Absolutely preposterous' for networks to ignore this: Compagno,66000,43200,"['absolutely', 'preposterous', 'for', 'networks', 'to', 'ignore', 'this', 'compagno']"
"ABC, CBS, NBC bury Hunter Biden revelations",399000,43200,"['abc', 'cbs', 'nbc', 'bury', 'hunter', 'biden', 'revelations']"
Trump: This day will live in infamy,276000,43200,"['trump', 'this', 'day', 'will', 'live', 'in', 'infamy']"
FBI misses key deadline in Hunter Biden investigation,204000,43200,"['fbi', 'misses', 'key', 'deadline', 'in', 'hunter', 'biden', 'investigation']"
Can leading 2024 candidates remain on top? Political strategists weigh in | The Fox News Rundown,11000,43200,"['can', 'leading', 'candidates', 'remain', 'on', 'top', 'political', 'strategists', 'weigh', 'in', 'the', 'fox', 'news', 'rundown']"
Hannity: These are 'bombshell allegations' against the Biden family,300000,43200,"['hannity', 'these', 'are', 'bombshell', 'allegations', 'against', 'the', 'biden', 'family']"
This administration is lying: Tom Homan,147000,43200,"['this', 'administration', 'is', 'lying', 'tom', 'homan']"
The DOJ has destroyed its credibility: Former prosecutor,157000,43200,"['the', 'doj', 'has', 'destroyed', 'its', 'credibility', 'former', 'prosecutor']"
GOP Rep. George Santos arrested on 13 criminal charges,52000,43200,"['gop', 'rep', 'george', 'santos', 'arrested', 'on', 'criminal', 'charges']"
'IMAGINARY MONSTERS?': NYT reporter torched over 'condescending' tweet,322000,43200,"['imaginary', 'monsters', 'nyt', 'reporter', 'torched', 'over', 'condescending', 'tweet']"
Why Mr. Wonderful is all in on the dollar | Will Cain Podcast,13000,43200,"['why', 'mr', 'wonderful', 'is', 'all', 'in', 'on', 'the', 'dollar', 'will', 'cain', 'podcast']"
Texas ranchers share the consequences of Biden’s border policies,220000,43200,"['texas', 'ranchers', 'share', 'the', 'consequences', 'of', 'bidens', 'border', 'policies']"
James Comer: This looks like an organized crime unit,227000,43200,"['james', 'comer', 'this', 'looks', 'like', 'an', 'organized', 'crime', 'unit']"
Ingraham: Things look abysmal for Democrats,247000,43200,"['ingraham', 'things', 'look', 'abysmal', 'for', 'democrats']"
Joe Biden is enabling Hunter and it's sick: Sen. Johnson,101000,43200,"['joe', 'biden', 'is', 'enabling', 'hunter', 'and', 'its', 'sick', 'sen', 'johnson']"
Biden is 'greenlighting' illegal immigration: Rep. Waltz,29000,43200,"['biden', 'is', 'greenlighting', 'illegal', 'immigration', 'rep', 'waltz']"
Obama-era staffer claims Joe Biden 'masterminded' Hunter's scandal,584000,43200,"['obamaera', 'staffer', 'claims', 'joe', 'biden', 'masterminded', 'hunters', 'scandal']"
The media are ‘embarrassing’: Miranda Devine,42000,43200,"['the', 'media', 'are', 'embarrassing', 'miranda', 'devine']"
Nikki Haley: This is a dereliction of duty,25000,43200,"['nikki', 'haley', 'this', 'is', 'a', 'dereliction', 'of', 'duty']"
Kayleigh McEnany: Some are calling this state-sanctioned kidnapping,66000,43200,"['kayleigh', 'mcenany', 'some', 'are', 'calling', 'this', 'statesanctioned', 'kidnapping']"
‘The Five’: Biden just said his son has ‘done nothing wrong’,166000,43200,"['the', 'five', 'biden', 'just', 'said', 'his', 'son', 'has', 'done', 'nothing', 'wrong']"
No one's ever seen anything like this before: Compagno,132000,43200,"['no', 'ones', 'ever', 'seen', 'anything', 'like', 'this', 'before', 'compagno']"
SHOCK POLL: Trump surges ahead of Biden,150000,43200,"['shock', 'poll', 'trump', 'surges', 'ahead', 'of', 'biden']"
Hunter Biden's ex-associate told to 'spill dirt' to avoid jail: Report,301000,43200,"['hunter', 'bidens', 'exassociate', 'told', 'to', 'spill', 'dirt', 'to', 'avoid', 'jail', 'report']"
Steve Hilton: There is a war on our children,23000,43200,"['steve', 'hilton', 'there', 'is', 'a', 'war', 'on', 'our', 'children']"
Steve Hilton: Extremist Democrats are neglecting this,28000,43200,"['steve', 'hilton', 'extremist', 'democrats', 'are', 'neglecting', 'this']"
Massive migrant surge expected after Title 42 expires,42000,43200,"['massive', 'migrant', 'surge', 'expected', 'after', 'title', 'expires']"
'Badge of honor': Vivek Ramaswamy dismisses NYT report on 2024,65000,43200,"['badge', 'of', 'honor', 'vivek', 'ramaswamy', 'dismisses', 'nyt', 'report', 'on']"
Gov. Abbott claps back at Biden admin: 'Flat out lie or total ignorance',119000,43200,"['gov', 'abbott', 'claps', 'back', 'at', 'biden', 'admin', 'flat', 'out', 'lie', 'or', 'total', 'ignorance']"
'PROUD OF HIM': Biden breaks silence on potential Hunter indictment,204000,43200,"['proud', 'of', 'him', 'biden', 'breaks', 'silence', 'on', 'potential', 'hunter', 'indictment']"
Drag performer makes case for why kids do not belong in 'drag',101000,43200,"['drag', 'performer', 'makes', 'case', 'for', 'why', 'kids', 'do', 'not', 'belong', 'in', 'drag']"
We're letting in millions of invaders: Former Trump official,54000,43200,"['were', 'letting', 'in', 'millions', 'of', 'invaders', 'former', 'trump', 'official']"
What is King Charles’ plan for the future?,19000,43200,"['what', 'is', 'king', 'charles', 'plan', 'for', 'the', 'future']"
Royal expert on 'the elephant in the Abbey’ at King Charles' coronation,50000,43200,"['royal', 'expert', 'on', 'the', 'elephant', 'in', 'the', 'abbey', 'at', 'king', 'charles', 'coronation']"
Neil deGrasse Tyson warns AI could be 'final nail on the coffin of the internet' | Fox News Rundown,40000,43200,"['neil', 'degrasse', 'tyson', 'warns', 'ai', 'could', 'be', 'final', 'nail', 'on', 'the', 'coffin', 'of', 'the', 'internet', 'fox', 'news', 'rundown']"
Gutfeld: This was a silent coup by the deep state to help Biden,602000,43200,"['gutfeld', 'this', 'was', 'a', 'silent', 'coup', 'by', 'the', 'deep', 'state', 'to', 'help', 'biden']"
Judge Jeanine: This woman is an embarrassment,271000,43200,"['judge', 'jeanine', 'this', 'woman', 'is', 'an', 'embarrassment']"
Joe Rogan eviscerates DNC: 'That's not that democratic',296000,43200,"['joe', 'rogan', 'eviscerates', 'dnc', 'thats', 'not', 'that', 'democratic']"
Gutfeld: This college president got slammed for his Twitter likes,232000,43200,"['gutfeld', 'this', 'college', 'president', 'got', 'slammed', 'for', 'his', 'twitter', 'likes']"
Hannity spars with Marianne Williamson: 'What the hell does that mean?',110000,43200,"['hannity', 'spars', 'with', 'marianne', 'williamson', 'what', 'the', 'hell', 'does', 'that', 'mean']"
Why a former Marine involved in Jordan Neely’s death could face charges,44000,43200,"['why', 'a', 'former', 'marine', 'involved', 'in', 'jordan', 'neelys', 'death', 'could', 'face', 'charges']"
Gutfeld: We are screwed,547000,43200,"['gutfeld', 'we', 'are', 'screwed']"
Jesse Watters: This isn’t what police signed up for,145000,43200,"['jesse', 'watters', 'this', 'isnt', 'what', 'police', 'signed', 'up', 'for']"
Harris Faulkner: I'm not evening listening to AOC anymore,93000,43200,"['harris', 'faulkner', 'im', 'not', 'evening', 'listening', 'to', 'aoc', 'anymore']"
White House claps back at Whistleblower's bombshell 'pay-to-play' claims,708000,43200,"['white', 'house', 'claps', 'back', 'at', 'whistleblowers', 'bombshell', 'paytoplay', 'claims']"
"Biden could be impeached, and the evidence is 'growing': Sen. Cruz",627000,43200,"['biden', 'could', 'be', 'impeached', 'and', 'the', 'evidence', 'is', 'growing', 'sen', 'cruz']"
New details revealed on alleged Atlanta shooter,39000,43200,"['new', 'details', 'revealed', 'on', 'alleged', 'atlanta', 'shooter']"
AOC and the left are making people feel depressed: Sean Duffy,20000,43200,"['aoc', 'and', 'the', 'left', 'are', 'making', 'people', 'feel', 'depressed', 'sean', 'duffy']"
Hannity: The ‘big guy’ could be in trouble,363000,43200,"['hannity', 'the', 'big', 'guy', 'could', 'be', 'in', 'trouble']"
Judge Jeanine: We are descending into anarchy and chaos,504000,43200,"['judge', 'jeanine', 'we', 'are', 'descending', 'into', 'anarchy', 'and', 'chaos']"
Liberals lose it over bar's daily national anthem,350000,43200,"['liberals', 'lose', 'it', 'over', 'bars', 'daily', 'national', 'anthem']"
Joe Piscopo: This fight is working-class Americans vs corporate giants,15000,43200,"['joe', 'piscopo', 'this', 'fight', 'is', 'workingclass', 'americans', 'vs', 'corporate', 'giants']"
Marco Rubio: We knew Hunter Biden’s laptop was ‘real’ and ‘true’,63000,43200,"['marco', 'rubio', 'we', 'knew', 'hunter', 'bidens', 'laptop', 'was', 'real', 'and', 'true']"
This is how bad the economy could get | Will Cain Podcast,137000,43200,"['this', 'is', 'how', 'bad', 'the', 'economy', 'could', 'get', 'will', 'cain', 'podcast']"
Guy Benson torches condescending KJP over 'flagrant' lie | Guy Benson Show,873000,43200,"['guy', 'benson', 'torches', 'condescending', 'kjp', 'over', 'flagrant', 'lie', 'guy', 'benson', 'show']"
Gutfeld: Hunter Biden’s world is unraveling,370000,43200,"['gutfeld', 'hunter', 'bidens', 'world', 'is', 'unraveling']"
Jesse Watters: We’re being bamboozled,258000,43200,"['jesse', 'watters', 'were', 'being', 'bamboozled']"
Ingraham: There is a ‘trail of death’ at the border,159000,43200,"['ingraham', 'there', 'is', 'a', 'trail', 'of', 'death', 'at', 'the', 'border']"
Kayleigh McEnany: This is the biggest lie from the White House,145000,43200,"['kayleigh', 'mcenany', 'this', 'is', 'the', 'biggest', 'lie', 'from', 'the', 'white', 'house']"
Concha: This is classic DC swamp,33000,43200,"['concha', 'this', 'is', 'classic', 'dc', 'swamp']"
These are explosive revelations about Jeffrey Epstein: Mollie Hemingway,236000,43200,"['these', 'are', 'explosive', 'revelations', 'about', 'jeffrey', 'epstein', 'mollie', 'hemingway']"
Should AI be used in medicine?,10000,43200,"['should', 'ai', 'be', 'used', 'in', 'medicine']"
Widow speaks out after husband was killed by illegal immigrant,27000,43200,"['widow', 'speaks', 'out', 'after', 'husband', 'was', 'killed', 'by', 'illegal', 'immigrant']"
Lawrence Jones grills GOP presidential candidate: 'Why are you running?',24000,43200,"['lawrence', 'jones', 'grills', 'gop', 'presidential', 'candidate', 'why', 'are', 'you', 'running']"
‘The Five’: Could Hunter Biden's child support battle expose family corruption?,392000,43200,"['the', 'five', 'could', 'hunter', 'bidens', 'child', 'support', 'battle', 'expose', 'family', 'corruption']"
McEnany: 'Science' goes out the window when it's not woke enough for the left,105000,43200,"['mcenany', 'science', 'goes', 'out', 'the', 'window', 'when', 'its', 'not', 'woke', 'enough', 'for', 'the', 'left']"
This Hunter Biden revelation is shocking even by Washington standards: Turley,357000,43200,"['this', 'hunter', 'biden', 'revelation', 'is', 'shocking', 'even', 'by', 'washington', 'standards', 'turley']"
Steve Hilton fact-checks Fauci: 'It all makes sense now',153000,43200,"['steve', 'hilton', 'factchecks', 'fauci', 'it', 'all', 'makes', 'sense', 'now']"
Karl Rove: This is how 2024 will play out if Trump is the nominee,447000,43200,"['karl', 'rove', 'this', 'is', 'how', 'will', 'play', 'out', 'if', 'trump', 'is', 'the', 'nominee']"
Trump to Mark Levin: This was a 'disaster',440000,43200,"['trump', 'to', 'mark', 'levin', 'this', 'was', 'a', 'disaster']"
FREEDOM FIGHTER: Ex-NBA star teases congressional run,18000,43200,"['freedom', 'fighter', 'exnba', 'star', 'teases', 'congressional', 'run']"
'BOLD-FACED': Blinken accused of lying under oath to protect Hunter Biden,257000,86400,"['boldfaced', 'blinken', 'accused', 'of', 'lying', 'under', 'oath', 'to', 'protect', 'hunter', 'biden']"
Hunter Biden accused of playing 'destitute' artist to lower child support payments,99000,86400,"['hunter', 'biden', 'accused', 'of', 'playing', 'destitute', 'artist', 'to', 'lower', 'child', 'support', 'payments']"
Discovering a career that you love | Everything Will Be Okay,10000,86400,"['discovering', 'a', 'career', 'that', 'you', 'love', 'everything', 'will', 'be', 'okay']"
Child helps Biden remember where he visited,32000,86400,"['child', 'helps', 'biden', 'remember', 'where', 'he', 'visited']"
Now being thin stems from white supremacy?: Gutfeld,377000,86400,"['now', 'being', 'thin', 'stems', 'from', 'white', 'supremacy', 'gutfeld']"
Biden’s ‘spending spree’ causing these economic woes: Steve Moore,31000,86400,"['bidens', 'spending', 'spree', 'causing', 'these', 'economic', 'woes', 'steve', 'moore']"
Is Randi Weingarten trying to rewrite lockdown history?,36000,86400,"['is', 'randi', 'weingarten', 'trying', 'to', 'rewrite', 'lockdown', 'history']"
Charly Arnolt on why she left ESPN | Will Cain Podcast,31000,86400,"['charly', 'arnolt', 'on', 'why', 'she', 'left', 'espn', 'will', 'cain', 'podcast']"
Gutfeld: Biden finally admitted what we've been saying all along,619000,86400,"['gutfeld', 'biden', 'finally', 'admitted', 'what', 'weve', 'been', 'saying', 'all', 'along']"
Pete Hegseth: This is an assault on families,87000,86400,"['pete', 'hegseth', 'this', 'is', 'an', 'assault', 'on', 'families']"
Ingraham: Biden is trying to finish off America,392000,86400,"['ingraham', 'biden', 'is', 'trying', 'to', 'finish', 'off', 'america']"
Download the Fox News app now,4600,86400,"['download', 'the', 'fox', 'news', 'app', 'now']"
FBI slammed for not having answers on secret Chinese police stations,60000,86400,"['fbi', 'slammed', 'for', 'not', 'having', 'answers', 'on', 'secret', 'chinese', 'police', 'stations']"
What did Kamala just say?,857000,86400,"['what', 'did', 'kamala', 'just', 'say']"
Do these books look appropriate for kids?,16000,86400,"['do', 'these', 'books', 'look', 'appropriate', 'for', 'kids']"
Gutfeld: School districts from around the country are buying into this,396000,86400,"['gutfeld', 'school', 'districts', 'from', 'around', 'the', 'country', 'are', 'buying', 'into', 'this']"
Pete Hegseth: Biden got caught red-handed,193000,86400,"['pete', 'hegseth', 'biden', 'got', 'caught', 'redhanded']"
'The Five': Biden caught 'red-handed',275000,86400,"['the', 'five', 'biden', 'caught', 'redhanded']"
Karl Rove: This isn't the way Biden wants to go into the election,81000,86400,"['karl', 'rove', 'this', 'isnt', 'the', 'way', 'biden', 'wants', 'to', 'go', 'into', 'the', 'election']"
Jerry Springer dead at 79,390000,86400,"['jerry', 'springer', 'dead', 'at']"
Tulsi Gabbard: This is literal insanity,168000,86400,"['tulsi', 'gabbard', 'this', 'is', 'literal', 'insanity']"
"We are getting sicker, fatter and more depressed: Calley Means",19000,86400,"['we', 'are', 'getting', 'sicker', 'fatter', 'and', 'more', 'depressed', 'calley', 'means']"
Gutfeld: No one wants to do this,313000,86400,"['gutfeld', 'no', 'one', 'wants', 'to', 'do', 'this']"
Judge Jeanine: This is a serious stand against cancel culture,125000,86400,"['judge', 'jeanine', 'this', 'is', 'a', 'serious', 'stand', 'against', 'cancel', 'culture']"
Riley Gaines goes off on Lia Thomas' 'gaslighting',361000,86400,"['riley', 'gaines', 'goes', 'off', 'on', 'lia', 'thomas', 'gaslighting']"
Ramaswamy: 'Biden isn't really running for president',215000,86400,"['ramaswamy', 'biden', 'isnt', 'really', 'running', 'for', 'president']"
"Second U.S. citizen killed in Sudan, White House confirms",22000,86400,"['second', 'us', 'citizen', 'killed', 'in', 'sudan', 'white', 'house', 'confirms']"
Brian Kilmeade: Biden released the single most divisive campaign ad,210000,86400,"['brian', 'kilmeade', 'biden', 'released', 'the', 'single', 'most', 'divisive', 'campaign', 'ad']"
Seen and Unseen: Biden’s 2024 blooper reel,89000,86400,"['seen', 'and', 'unseen', 'bidens', 'blooper', 'reel']"
Will Cain: Biden has been flirting with America for 50 years,205000,86400,"['will', 'cain', 'biden', 'has', 'been', 'flirting', 'with', 'america', 'for', 'years']"
Kayleigh McEnany: Biden running on stopping ‘MAGA’ Republicans,47000,86400,"['kayleigh', 'mcenany', 'biden', 'running', 'on', 'stopping', 'maga', 'republicans']"
Ingraham: The Democratic Party has gone insane,249000,86400,"['ingraham', 'the', 'democratic', 'party', 'has', 'gone', 'insane']"
WE DESERVE BETTER: GOP rep. blasts Biden's performance after 2024 announcement,102000,86400,"['we', 'deserve', 'better', 'gop', 'rep', 'blasts', 'bidens', 'performance', 'after', 'announcement']"
Democrats blasted as 'undemocratic' for skipping debates,117000,86400,"['democrats', 'blasted', 'as', 'undemocratic', 'for', 'skipping', 'debates']"
Brian Kilmeade: The Democratic Party wants to bury this story,171000,86400,"['brian', 'kilmeade', 'the', 'democratic', 'party', 'wants', 'to', 'bury', 'this', 'story']"
Vivek Ramaswamy: This is a form of elder abuse,27000,86400,"['vivek', 'ramaswamy', 'this', 'is', 'a', 'form', 'of', 'elder', 'abuse']"
Something strange is going on in Texas: UFO investigator,167000,86400,"['something', 'strange', 'is', 'going', 'on', 'in', 'texas', 'ufo', 'investigator']"
Biden family crimes to be exposed: Rep. Jim Jordan,208000,86400,"['biden', 'family', 'crimes', 'to', 'be', 'exposed', 'rep', 'jim', 'jordan']"
‘The Five’: Get ready for Biden’s 2024 campaign,127000,86400,"['the', 'five', 'get', 'ready', 'for', 'bidens', 'campaign']"
Bill Maher calls out liberal cities: Why isn't anyone talking about this?,714000,86400,"['bill', 'maher', 'calls', 'out', 'liberal', 'cities', 'why', 'isnt', 'anyone', 'talking', 'about', 'this']"
Dana Perino: Even the NY Times is saying this now,101000,86400,"['dana', 'perino', 'even', 'the', 'ny', 'times', 'is', 'saying', 'this', 'now']"
'This is a gut punch': Biden to announce 2024 bid amid 'devastating' poll,205000,86400,"['this', 'is', 'a', 'gut', 'punch', 'biden', 'to', 'announce', 'bid', 'amid', 'devastating', 'poll']"
Hilton: Biden is pandering to the far-left climate zealots,19000,86400,"['hilton', 'biden', 'is', 'pandering', 'to', 'the', 'farleft', 'climate', 'zealots']"
SWAT destroyed this cancer survivor’s house. Here's why they may have to pay up | Digital Original,259000,86400,"['swat', 'destroyed', 'this', 'cancer', 'survivors', 'house', 'heres', 'why', 'they', 'may', 'have', 'to', 'pay', 'up', 'digital', 'original']"
Legendary NBA coach Phil Jackson slams league for becoming too political,29000,86400,"['legendary', 'nba', 'coach', 'phil', 'jackson', 'slams', 'league', 'for', 'becoming', 'too', 'political']"
Brian Kilmeade: The White House wasted no time cleaning up this mess,663000,86400,"['brian', 'kilmeade', 'the', 'white', 'house', 'wasted', 'no', 'time', 'cleaning', 'up', 'this', 'mess']"
Jonathan Turley: ‘Time is running out’ for Hunter Biden,341000,86400,"['jonathan', 'turley', 'time', 'is', 'running', 'out', 'for', 'hunter', 'biden']"
Democrats torched over 'crazy' proposal protecting LGBTQ+ migrants,326000,86400,"['democrats', 'torched', 'over', 'crazy', 'proposal', 'protecting', 'lgbtq', 'migrants']"
"U.S. embassy staff, families evacuated from Sudan",547000,86400,"['us', 'embassy', 'staff', 'families', 'evacuated', 'from', 'sudan']"
Why the China threat is growing at the United States' expense,76000,86400,"['why', 'the', 'china', 'threat', 'is', 'growing', 'at', 'the', 'united', 'states', 'expense']"
HBO's Bill Maher awards heroes who defeated cancel culture,239000,86400,"['hbos', 'bill', 'maher', 'awards', 'heroes', 'who', 'defeated', 'cancel', 'culture']"
Jake Gyllenhaal: This made me proud to be an American,38000,86400,"['jake', 'gyllenhaal', 'this', 'made', 'me', 'proud', 'to', 'be', 'an', 'american']"
Author warns Tucker about mob rule in America,181000,86400,"['author', 'warns', 'tucker', 'about', 'mob', 'rule', 'in', 'america']"
Economist to Tucker: Biden's 'reckless policy' will put Americans 'underwater',83000,86400,"['economist', 'to', 'tucker', 'bidens', 'reckless', 'policy', 'will', 'put', 'americans', 'underwater']"
The Duffys on what GOP lawmakers are getting wrong on abortion | From The Kitchen Table,10000,86400,"['the', 'duffys', 'on', 'what', 'gop', 'lawmakers', 'are', 'getting', 'wrong', 'on', 'abortion', 'from', 'the', 'kitchen', 'table']"
